<?xml version="1.0" encoding="UTF-8"?>
<Mediathek>


<!--Abos-->


<!--Blacklist-->


<!--Programmeinstellungen-->
<system>
	<Abos-sofort-suchen>true</Abos-sofort-suchen>
	<Ansicht-Set-lang>true</Ansicht-Set-lang>
	<Bandwidthmonitor-visible>false</Bandwidthmonitor-visible>
	<Blacklist-ausgeschaltet>true</Blacklist-ausgeschaltet>
	<Blacklist-Filmlaenge>0</Blacklist-Filmlaenge>
	<breite-Meldungen>-1</breite-Meldungen>
	<Dialog-Download-D-Starten>true</Dialog-Download-D-Starten>
	<Divider-Infodialog>-1</Divider-Infodialog>
	<Divider-Infodialog-min-max>min</Divider-Infodialog-min-max>
	<Download-Ordner-oeffnen>/usr/bin/Thunar</Download-Ordner-oeffnen>
	<Download-sofort-starten>false</Download-sofort-starten>
	<Echtzeitsuche>true</Echtzeitsuche>
	<Eigenschaften-Tabellen-Abos>75,75,200,100,200,200,200,200,200,200,100,200|0,1,2,3,4,5,6,7,8,9,10,11||</Eigenschaften-Tabellen-Abos>
	<Eigenschaften-Tabellen-Downloads>75,75,150,100,150,250,50,50,100,100,100,100,100,100,100,0,100,0,0,200,0,0,200,0,0,0,0,0,200,0,0,0,0,0,0|0,1,2,3,4,5,6,7,8,9,10,11,12,13,14,15,16,17,18,19,20,21,22,23,24,25,26,27,28,29,30,31,32,33,34||</Eigenschaften-Tabellen-Downloads>
	<Eigenschaften-Tabellen-Filme>75,65,69,300,50,50,100,100,100,100,0,100,500,0,200,0,0,0,0,0,0,0,0,0,0|0,1,2,3,4,5,6,7,8,9,10,11,12,13,14,15,16,17,18,19,20,21,22,23,24||</Eigenschaften-Tabellen-Filme>
	<Ersetzungstabelle-verwenden>true</Ersetzungstabelle-verwenden>
	<filter-anzahl>3</filter-anzahl>
	<Geo-melden>true</Geo-melden>
	<Geo-Standort>DE</Geo-Standort>
	<Groesse>800:442:0:0</Groesse>
	<Groesse-Einstellungen>800:442:0:19</Groesse-Einstellungen>
	<Groesse-Filter>782:387:200:40</Groesse-Filter>
	<Groesse-Infodialog>300:170:400:240</Groesse-Infodialog>
	<Icon-Pfad>/mnt/utmp/mediathekview//Icons/SchwarzWeiss</Icon-Pfad>
	<Icon-Standard>true</Icon-Standard>
	<maxBandbreite>1000</maxBandbreite>
	<maxDownload>1</maxDownload>
	<Notification-anzeigen>true</Notification-anzeigen>
	<nur-ascii>false</nur-ascii>
	<pfad-ffmpeg>/mnt/utmp/mediathekview/bin/ffmpeg</pfad-ffmpeg>
	<pfad-flvstreamer>/mnt/utmp/mediathekview/bin/flvstreamer</pfad-flvstreamer>
	<pfad-mplayer>/usr/bin/mplayer</pfad-mplayer>
	<pfad-vlc>/mnt/utmp/mediathekview/bin/smplayer2</pfad-vlc>
	<Player-zum-Abspielen>/mnt/utmp/mediathekview/bin/smplayer2</Player-zum-Abspielen>
	<programmfenster-maximieren>true</programmfenster-maximieren>
	<system-anz-tage-filmilste>0</system-anz-tage-filmilste>
	<system-font-size>0</system-font-size>
	<system-icon-groesse-alles>false</system-icon-groesse-alles>
	<System-look>0</System-look>
	<system-panel-beschreibung-anzeigen>false</system-panel-beschreibung-anzeigen>
	<system-panel-filme-divider>260</system-panel-filme-divider>
	<system-tab-abo-icon-anzeigen>true</system-tab-abo-icon-anzeigen>
	<system-tab-abo-icon-klein>true</system-tab-abo-icon-klein>
	<system-tab-download-icon-anzeigen>true</system-tab-download-icon-anzeigen>
	<system-tab-download-icon-klein>true</system-tab-download-icon-klein>
	<system-tab-filme-icon-anzeigen>true</system-tab-filme-icon-anzeigen>
	<system-tab-filme-icon-klein>true</system-tab-filme-icon-klein>
	<Toolbar-Alles-anzeigen>true</Toolbar-Alles-anzeigen>
	<update-filme>0</update-filme>
	<update-suchen>false</update-suchen>
	<User-Agent-Auto>true</User-Agent-Auto>
	<Vis-Abo>true</Vis-Abo>
	<Vis-Download>true</Vis-Download>
	<Vis-Filter>true</Vis-Filter>
</system>



<!--Programmsets-->
<Programmset><Name>Linux Speichern</Name><Praefix>http</Praefix><Suffix>mp4,mp3,m4v,flv,m4a</Suffix><Zielpfad>/mnt/utmp/mediathekview/MediathekView</Zielpfad><Zieldateiname>%t-%T-%N</Zieldateiname><Thema-anlegen>true</Thema-anlegen><Abspielen>false</Abspielen><Speichern>true</Speichern><Button>true</Button><Abo>true</Abo><max-Laenge>25</max-Laenge><Aufloesung>klein</Aufloesung><Beschreibung>Standardset zum Speichern der Filme</Beschreibung><Infodatei>false</Infodatei><Spotlight>false</Spotlight></Programmset>
<Programm><Programmname>flvstreamer</Programmname><Zieldateiname>%t-%T-%N.flv</Zieldateiname><Programmpfad>/mnt/utmp/mediathekview/bin/flvstreamer</Programmpfad><Programmschalter>%F --resume -o **</Programmschalter><Praefix>rtmp</Praefix><Restart>true</Restart></Programm>
<Programm><Programmname>ffmpeg</Programmname><Zieldateiname>%t-%T-%N.mp4</Zieldateiname><Programmpfad>/mnt/utmp/mediathekview/bin/ffmpeg</Programmpfad><Programmschalter>-i %f -c copy -bsf:a aac_adtstoasc **</Programmschalter><Praefix>http</Praefix><Suffix>m3u8</Suffix><Restart>false</Restart></Programm>
<Programm><Programmname>VLC</Programmname><Zieldateiname>%t-%T-%N.ts</Zieldateiname><Programmpfad>/mnt/utmp/mediathekview/bin/smplayer2</Programmpfad><Programmschalter>%f :sout=#standard{access=file,mux=ts,dst=**} -I dummy --play-and-exit</Programmschalter><Restart>false</Restart></Programm>
<Programmset><Name>Linux Abspielen</Name><Thema-anlegen>false</Thema-anlegen><Abspielen>true</Abspielen><Speichern>false</Speichern><Button>true</Button><Abo>false</Abo><max-Laenge>25</max-Laenge><Aufloesung>klein</Aufloesung><Beschreibung>Standardset zum direkten Abspielen der Filme</Beschreibung><Infodatei>false</Infodatei><Spotlight>false</Spotlight></Programmset>
<Programm><Programmname>skript</Programmname><Programmpfad>/mnt/utmp/mediathekview/bin/flv.sh</Programmpfad><Programmschalter>/mnt/utmp/mediathekview/bin/flvstreamer /mnt/utmp/mediathekview/bin/smplayer2 %F</Programmschalter><Praefix>rtmp</Praefix><Restart>false</Restart></Programm>
<Programm><Programmname>Vlc</Programmname><Programmpfad>/mnt/utmp/mediathekview/bin/smplayer2</Programmpfad><Programmschalter>%f --play-and-exit</Programmschalter><Restart>false</Restart></Programm>


<!--Ersetzungstabelle-->
<Ersetzungstabelle><von> </von><nach>_</nach></Ersetzungstabelle>


<!--Downloads-->


<!--Update Filmliste-->

<!--Akt-Filmliste-->
<film-update-server><film-update-server-nr>000</film-update-server-nr><film-update-server-url>http://wp11128329.server-he.de/filme/Filmliste-akt.xz</film-update-server-url><film-update-server-prio>1</film-update-server-prio><film-update-server-art>akt</film-update-server-art></film-update-server>
<film-update-server><film-update-server-nr>001</film-update-server-nr><film-update-server-url>http://wp11234018.server-he.de/filme/Filmliste-akt.xz</film-update-server-url><film-update-server-prio>1</film-update-server-prio><film-update-server-art>akt</film-update-server-art></film-update-server>
<film-update-server><film-update-server-nr>002</film-update-server-nr><film-update-server-url>http://mv.mynews.de/filme/Filmliste-akt.xz</film-update-server-url><film-update-server-prio>1</film-update-server-prio><film-update-server-art>akt</film-update-server-art></film-update-server>
<film-update-server><film-update-server-nr>003</film-update-server-nr><film-update-server-url>http://mv.hostingkunde.de/filme/Filmliste-akt.xz</film-update-server-url><film-update-server-prio>1</film-update-server-prio><film-update-server-art>akt</film-update-server-art></film-update-server>
<film-update-server><film-update-server-nr>004</film-update-server-nr><film-update-server-url>http://mv-1.df-kunde.de/filme/Filmliste-akt.xz</film-update-server-url><film-update-server-prio>1</film-update-server-prio><film-update-server-art>akt</film-update-server-art></film-update-server>
<film-update-server><film-update-server-nr>005</film-update-server-nr><film-update-server-url>http://mv-2.df-kunde.de/filme/Filmliste-akt.xz</film-update-server-url><film-update-server-prio>1</film-update-server-prio><film-update-server-art>akt</film-update-server-art></film-update-server>
<film-update-server><film-update-server-nr>006</film-update-server-nr><film-update-server-url>http://mv-3.df-kunde.de/filme/Filmliste-akt.xz</film-update-server-url><film-update-server-prio>1</film-update-server-prio><film-update-server-art>akt</film-update-server-art></film-update-server>
<film-update-server><film-update-server-nr>007</film-update-server-nr><film-update-server-url>http://hosting1735.af906.netcup.net/filme/Filmliste-akt.xz</film-update-server-url><film-update-server-prio>1</film-update-server-prio><film-update-server-art>akt</film-update-server-art></film-update-server>
<film-update-server><film-update-server-nr>008</film-update-server-nr><film-update-server-url>http://hosting1766.af915.netcup.net/filme/Filmliste-akt.xz</film-update-server-url><film-update-server-prio>1</film-update-server-prio><film-update-server-art>akt</film-update-server-art></film-update-server>
<film-update-server><film-update-server-nr>009</film-update-server-nr><film-update-server-url>http://hosting1767.af915.netcup.net/filme/Filmliste-akt.xz</film-update-server-url><film-update-server-prio>1</film-update-server-prio><film-update-server-art>akt</film-update-server-art></film-update-server>
<film-update-server><film-update-server-nr>010</film-update-server-nr><film-update-server-url>http://mediathek.alfahosting.org/filme/Filmliste-akt.xz</film-update-server-url><film-update-server-prio>1</film-update-server-prio><film-update-server-art>akt</film-update-server-art></film-update-server>
<film-update-server><film-update-server-nr>011</film-update-server-nr><film-update-server-url>http://mediathekview.alfahosting.org/filme/Filmliste-akt.xz</film-update-server-url><film-update-server-prio>1</film-update-server-prio><film-update-server-art>akt</film-update-server-art></film-update-server>

<!--Diff-Filmliste-->


</Mediathek>